member_id,celebrity,category,status,join_date,card_type
CELEB001,Taylor Swift,Musician,VIP Fan,2026,UNOFFICIAL FAN CARD
CELEB002,Beyoncé,Musician,VIP Fan,2026,UNOFFICIAL FAN CARD
CELEB003,Drake,Musician,VIP Fan,2026,UNOFFICIAL FAN CARD
CELEB004,Rihanna,Musician,VIP Fan,2026,UNOFFICIAL FAN CARD
CELEB005,The Weeknd,Musician,VIP Fan,2026,UNOFFICIAL FAN CARD
CELEB006,Wizkid,Musician,VIP Fan,2026,UNOFFICIAL FAN CARD
CELEB007,Davido,Musician,VIP Fan,2026,UNOFFICIAL FAN CARD
CELEB008,Burna Boy,Musician,VIP Fan,2026,UNOFFICIAL FAN CARD
CELEB009,Chris Brown,Musician,VIP Fan,2026,UNOFFICIAL FAN CARD
CELEB010,Justin Bieber,Musician,VIP Fan,2026,UNOFFICIAL FAN CARD
CELEB011,Selena Gomez,Actor/Musician,VIP Fan,2026,UNOFFICIAL FAN CARD
CELEB012,Ariana Grande,Musician/Actor,VIP Fan,2026,UNOFFICIAL FAN CARD
CELEB013,Billie Eilish,Musician,VIP Fan,2026,UNOFFICIAL FAN CARD
CELEB014,Bruno Mars,Musician,VIP Fan,2026,UNOFFICIAL FAN CARD
CELEB015,Ed Sheeran,Musician,VIP Fan,2026,UNOFFICIAL FAN CARD
CELEB016,Shakira,Musician,VIP Fan,2026,UNOFFICIAL FAN CARD
CELEB017,Ronaldo,Footballer,VIP Fan,2026,UNOFFICIAL FAN CARD
CELEB018,Lionel Messi,Footballer,VIP Fan,2026,UNOFFICIAL FAN CARD
CELEB019,Kylian Mbappé,Footballer,VIP Fan,2026,UNOFFICIAL FAN CARD
CELEB020,Neymar Jr.,Footballer,VIP Fan,2026,UNOFFICIAL FAN CARD
CELEB021,Erling Haaland,Footballer,VIP Fan,2026,UNOFFICIAL FAN CARD
CELEB022,Mohamed Salah,Footballer,VIP Fan,2026,UNOFFICIAL FAN CARD
CELEB023,Jude Bellingham,Footballer,VIP Fan,2026,UNOFFICIAL FAN CARD
CELEB024,Vinícius Júnior,Footballer,VIP Fan,2026,UNOFFICIAL FAN CARD
CELEB025,LeBron James,Basketball Player,VIP Fan,2026,UNOFFICIAL FAN CARD
CELEB026,Stephen Curry,Basketball Player,VIP Fan,2026,UNOFFICIAL FAN CARD
CELEB027,Kevin Durant,Basketball Player,VIP Fan,2026,UNOFFICIAL FAN CARD
CELEB028,Dwayne Johnson,Actor,VIP Fan,2026,UNOFFICIAL FAN CARD
CELEB029,Tom Cruise,Actor,VIP Fan,2026,UNOFFICIAL FAN CARD
CELEB030,Leonardo DiCaprio,Actor,VIP Fan,2026,UNOFFICIAL FAN CARD
CELEB031,Will Smith,Actor,VIP Fan,2026,UNOFFICIAL FAN CARD
CELEB032,Zendaya,Actor,VIP Fan,2026,UNOFFICIAL FAN CARD
CELEB033,Tom Holland,Actor,VIP Fan,2026,UNOFFICIAL FAN CARD
CELEB034,Ryan Reynolds,Actor,VIP Fan,2026,UNOFFICIAL FAN CARD
CELEB035,Chris Hemsworth,Actor,VIP Fan,2026,UNOFFICIAL FAN CARD
CELEB036,Robert Downey Jr.,Actor,VIP Fan,2026,UNOFFICIAL FAN CARD
CELEB037,Margot Robbie,Actor,VIP Fan,2026,UNOFFICIAL FAN CARD
CELEB038,Brad Pitt,Actor,VIP Fan,2026,UNOFFICIAL FAN CARD
CELEB039,Angelina Jolie,Actor,VIP Fan,2026,UNOFFICIAL FAN CARD
CELEB040,Kim Kardashian,Media Personality,VIP Fan,2026,UNOFFICIAL FAN CARD
CELEB041,Kylie Jenner,Media Personality,VIP Fan,2026,UNOFFICIAL FAN CARD
CELEB042,MrBeast,YouTuber,VIP Fan,2026,UNOFFICIAL FAN CARD
CELEB043,Kai Cenat,Streamer,VIP Fan,2026,UNOFFICIAL FAN CARD
CELEB044,IShowSpeed,Streamer,VIP Fan,2026,UNOFFICIAL FAN CARD
CELEB045,Jackie Chan,Actor,VIP Fan,2026,UNOFFICIAL FAN CARD
CELEB046,Keanu Reeves,Actor,VIP Fan,2026,UNOFFICIAL FAN CARD
CELEB047,Jason Momoa,Actor,VIP Fan,2026,UNOFFICIAL FAN CARD
CELEB048,Pedro Pascal,Actor,VIP Fan,2026,UNOFFICIAL FAN CARD
CELEB049,Timothée Chalamet,Actor,VIP Fan,2026,UNOFFICIAL FAN CARD
CELEB050,Millie Bobby Brown,Actor,VIP Fan,2026,UNOFFICIAL FAN CARD
CUSTOM,Name Your Own Celebrity,Custom,VIP Fan,2026,UNOFFICIAL FAN CARD
